{"nodeType":"primitive","primitiveType":"sphere","color":[0.800000011920929,0.800000011920929,0.800000011920929],"round_x":0.0,"round_y":0.0,"matrix":[1.0,-0.0,0.0,-0.0,-0.0,1.0,-0.0,0.0,0.0,-0.0,1.0,-0.0],"radius":0.5,"aabb_min":[-0.5,-0.5,-0.5],"aabb_max":[0.5,0.5,0.5]}