{"nodeType":"binaryOperator","leftChild":{"nodeType":"primitive","primitiveType":"sphere","color":[0.800000011920929,0.800000011920929,0.800000011920929],"round_x":0.0,"round_y":0.0,"matrix":[1.0,-0.0,0.0,-0.0,-0.0,1.0,-0.0,0.0,0.0,-0.0,1.0,-0.0],"radius":0.5},"rightChild":{"nodeType":"primitive","primitiveType":"sphere","color":[0.06291679292917252,0.8000074625015259,0.00012179873010609299],"round_x":0.0,"round_y":0.0,"matrix":[1.0,-0.0,0.0,-0.5600000023841858,-0.0,1.0,-0.0,0.0,0.0,-0.0,1.0,-0.0],"radius":0.7999999523162842},"blendMode":"union","blendRadius":0.0,"matrix":[1.0,0.0,0.0,0.0,0.0,1.0,0.0,0.0,0.0,0.0,1.0,0.0],"aabb_min":[-0.5,-0.7999999523162842,-0.7999999523162842],"aabb_max":[1.3599998950958252,0.7999999523162842,0.7999999523162842]}